pymnt_plan,mean_pymnt_plan_int_rate
0,13.827419582275528
1,17.978571428571428
