emp_length,mean_emp_length_annual_inc
10_YEARS+,80184.69295313735
3_YEARS,67335.12448030444
6_YEARS,71950.75296319732
9_YEARS,73689.12129567981
