inq_last_6mths,mean_inq_last_6mths_total_rev_hi_lim
0,30440.98398137369
1,30321.171100787866
