grade,mean_grade_annual_income_commitment_rate
A,4.1468560479282415
B,4.938404082748565
C,5.874591650456381
D,6.654825360174315
E,8.077147700265623
F,8.846645773979107
G,9.474287867370007
