term,mean_term_revol_util
0,54.950203321083734
1,59.40007713611452
