inq_last_6mths,mean_inq_last_6mths_revol_util
0,54.252316463092285
1,57.963507982222595
