emp_length,mean_emp_length_open_acc
10_YEARS+,11.528243043196222
3_YEARS,10.895349367203998
6_YEARS,11.091117782094296
9_YEARS,11.254984201023172
