grade,mean_grade_annual_inc
A,82411.71018157172
B,72352.98559974483
C,70319.06094737892
D,69833.50399492666
E,73071.6135942961
F,75026.1912051282
G,85112.25825169556
