home_ownership,mean_home_ownership_tot_cur_bal
ANY,130923.0
MORTGAGE,214073.24861955983
NONE,99876.5294117647
OTHER,107149.0294117647
OWN,99203.30563234277
RENT,48520.03200665493
