delinq_2yrs,mean_delinq_2yrs_loan_amnt
0,14256.762556585823
1,14601.336759960981
