home_ownership,mean_home_ownership_annual_inc
ANY,35680.0
MORTGAGE,83399.95116434514
NONE,64752.72972972973
OTHER,66788.1897810219
OWN,65686.06214746958
RENT,62130.29945325002
