inq_last_6mths,mean_inq_last_6mths_loan_amnt
0,14115.277916805695
1,14507.282565939298
