term,mean_term_int_rate
0,12.639774941849499
1,16.957658977282694
