delinq_2yrs,mean_delinq_2yrs_tot_cur_bal
0,132725.2002793961
1,164722.71381312338
