inq_last_6mths,mean_inq_last_6mths_open_acc
0,11.674864846826404
1,10.731646722702994
