pymnt_plan,mean_pymnt_plan_revol_util
0,56.17421341803665
1,64.17142857142856
