grade,mean_grade_loan_amnt
A,13405.523854147492
B,13120.932971839971
C,14195.696294079506
D,15073.131240040326
E,17545.203061652453
F,18396.27730294397
G,20550.301431801054
