emp_length,mean_emp_length_annual_income_commitment_rate
10_YEARS+,5.835835169861532
3_YEARS,5.6513843103893535
6_YEARS,5.630570360669246
9_YEARS,5.808963305685644
