pymnt_plan,mean_pymnt_plan_annual_inc
0,73223.32458961767
1,94714.28571428571
