grade,mean_grade_open_acc
A,11.318800314649618
B,11.059267968137657
C,11.127851876976486
D,11.188757175146755
E,11.389815106078082
F,11.469705603038935
G,12.287113790504899
