delinq_2yrs,mean_delinq_2yrs_revol_util
0,56.345509947486676
1,55.38690162431819
