home_ownership,mean_home_ownership_total_acc
ANY,12.0
MORTGAGE,27.693017692604883
NONE,23.0
OTHER,21.934306569343065
OWN,24.305931821594832
RENT,21.93318059567686
