emp_length,mean_emp_length_total_rev_hi_lim
10_YEARS+,34356.1942835723
3_YEARS,27827.3574360768
6_YEARS,28357.207143894822
9_YEARS,29598.233606911446
