term,mean_term_annual_income_commitment_rate
0,4.722430773327022
1,8.383572103811556
