emp_length,mean_emp_length_loan_amnt
10_YEARS+,15793.85317476818
3_YEARS,13111.26525744928
6_YEARS,13863.873846697175
9_YEARS,14551.022682390114
