emp_length,mean_emp_length_tot_cur_bal
10_YEARS+,160046.0926998407
3_YEARS,119849.73062975168
6_YEARS,133221.51828648217
9_YEARS,141161.44825053995
