delinq_2yrs,mean_delinq_2yrs_annual_inc
0,71585.49131324801
1,80756.80831777524
