delinq_2yrs,mean_delinq_2yrs_total_acc
0,24.38429402760507
1,28.18352824608548
