home_ownership,mean_home_ownership_open_acc
ANY,7.0
MORTGAGE,11.854939692721317
NONE,11.18918918918919
OTHER,9.708029197080291
OWN,10.978615407718877
RENT,10.39460105588206
