inq_last_6mths,mean_inq_last_6mths_annual_inc
0,75493.99808661029
1,71110.80720172042
