grade,mean_grade_total_acc
A,26.343219133374618
B,24.95331838646762
C,24.771989505292247
D,24.468543180968176
E,25.002481563035197
F,24.958784425451093
G,26.574227581009797
