pymnt_plan,mean_pymnt_plan_loan_amnt
0,14318.18456601639
1,21257.14285714286
