grade,mean_grade_revol_util
A,40.74442720104465
B,54.1624110325963
C,59.59501851722451
D,62.76388531714384
E,65.09635695538057
F,66.59859058487875
G,67.61330812854443
