term,mean_term_open_acc
0,10.94631557536197
1,11.818700114025086
