home_ownership,mean_home_ownership_loan_amnt
ANY,5000.0
MORTGAGE,15991.954476174347
NONE,13430.0
OTHER,10765.51094890511
OWN,13521.736747259349
RENT,12398.04563775324
