delinq_2yrs,mean_delinq_2yrs_open_acc
0,11.052122600712158
1,11.803470898199997
