term,mean_term_total_acc
0,24.336370864845872
1,26.976941593817305
