home_ownership,mean_home_ownership_total_rev_hi_lim
ANY,7700.0
MORTGAGE,35384.80476762845
NONE,28494.70588235294
OTHER,24244.0
OWN,31904.358984105045
RENT,23396.252200810868
