home_ownership,mean_home_ownership_revol_util
ANY,43.1
MORTGAGE,56.421720341271985
NONE,60.45405405405406
OTHER,50.8237037037037
OWN,52.97942495566177
RENT,56.57408482617479
