home_ownership,mean_home_ownership_int_rate
ANY,11.67
MORTGAGE,13.558726264315503
NONE,14.562000000000001
OTHER,13.598686131386861
OWN,13.931885568403665
RENT,14.14167258746738
