term,mean_term_tot_cur_bal
0,127342.28877043011
1,167984.30849721376
