pymnt_plan,mean_pymnt_plan_total_acc
0,25.062512567125204
1,38.285714285714285
