inq_last_6mths,mean_inq_last_6mths_tot_cur_bal
0,145958.70440046565
1,132395.55387953052
