grade,mean_grade_tot_cur_bal
A,179757.44365392494
B,138246.89903116736
C,130693.9880319899
D,124444.07523301026
E,129848.58182040218
F,124549.17301693404
G,138733.82616910723
