delinq_2yrs,mean_delinq_2yrs_total_rev_hi_lim
0,30859.283434855053
1,28338.11599980151
