emp_length,mean_emp_length_total_acc
10_YEARS+,27.072969511485173
3_YEARS,23.810579012139353
6_YEARS,24.048369533227383
9_YEARS,24.913368943725548
