emp_length,mean_emp_length_revol_util
10_YEARS+,57.73504943244233
3_YEARS,55.02896986605446
6_YEARS,55.3666778572901
9_YEARS,56.512876446786485
