term,mean_term_loan_amnt
0,12209.381737230002
1,19876.26353438782
