emp_length,mean_emp_length_int_rate
10_YEARS+,13.958928687263503
3_YEARS,13.689285263981406
6_YEARS,13.790990626425533
9_YEARS,13.919159096465986
