inq_last_6mths,mean_inq_last_6mths_total_acc
0,26.472780262074796
1,23.750621092294313
