inq_last_6mths,mean_inq_last_6mths_int_rate
0,14.733760871983094
1,12.984031975901619
