term,mean_term_annual_inc
0,70852.67029828117
1,79472.41860255924
