term,mean_term_total_rev_hi_lim
0,28935.638722229804
1,34037.34205501022
