delinq_2yrs,mean_delinq_2yrs_int_rate
0,13.647963530498412
1,14.653008779170106
