grade,mean_grade_total_rev_hi_lim
A,45008.72442489705
B,30547.476071784648
C,27370.709327377528
D,25568.864621509496
E,25841.10282504274
F,24757.838569518717
G,26961.42418516769
