grade,mean_grade_int_rate
A,7.53818454124065
B,11.50077244144719
C,14.63349743129333
D,17.539184688932973
E,20.485445966727244
F,23.555293447293447
G,24.81652223059533
